Restaurant,cover art text (for insta and tiktok),Script,Caption - insta,Caption - tiktok,Notes
LysÃ©e x Thibault Hauchard popup,"limited collab dessert tasting menu ! ğŸ“Â Flatiron, NYC","If you like intricate, mind-blowing desserts, the popups at this NYC pastry boutique are perfect for you. Hey yâ€™all, itâ€™s Yena, and come with me to the LysÃ©e x Thibault Hauchard popup event in Flatiron, NYC. While this popup is over, LysÃ©e is well-known for their innovative desserts (the seasonal fruit tarts are always my fave) & they occasionally host popup dessert tasting menus with famous chefs from around the world. The Seasonal Peach Fruit Cake tasted light & fresh, perfect for summer. Highly rec keeping an eye out for future events through their email list. Follow me for more places to inhale food & drinksies!","As always, pastry boutique @lysee.nyc in Flatiron makes food into art ğŸ“âœ¨ğŸ’–
1ï¸âƒ£Â While these tasting menu popups arenâ€™t frequent, theyâ€™re well-worth the wait. I rec making a calendar reminder for yourself to sign up since they tend to go pretty fast.
2ï¸âƒ£Â While LysÃ©eâ€™s chef @eunji.leeee creates beautiful and delicious pastries in her own right, I love how these collab menus draw out influences from all chefs involved (in this case, the tasting menu was themed â€œTeamtime from Londonâ€ due to chef @thibaulthauchard â€˜s background)
3ï¸âƒ£Â Price is $110pp and is definitely more samples of bites than a full meal (with optional $60 wine pairing)

Hereâ€™s what we got at the tasting:
ğŸ˜Â Welcome to our teatime (mini leek quiche & mini smoked salmon sandwich with laminated bread)
ğŸ˜Â Seasonal strawberry fruit tart (with aloe vera sorbet, grapefruit)
ğŸ˜Â Seasonal peach fruit cake (eton mess, sorbet, lemon verbena, meringue)
ğŸ˜Â Scones & condiments (plain & caramel)
ğŸ˜Â Choux (chocolate profiterole with vanilla ice cream)
ğŸ˜Â Shortbread cookies & tea
.
.
.
[lysee, dessert tasting menu, nyc foodie, dessert lover, foodstagram, foodgasm, blogging, review, what should we do, date idea, Thibault Hauchard]","As always, pastry boutique LysÃ©e in Flatiron makes food into art ğŸ“âœ¨ğŸ’–Â June collab popup by LysÃ©e x Thibault Hauchard
.
.
.
#yenainhalesÂ #lysee #desserttastingmenu #nycfoodie #nycrestaurant",sometimes I do popups events and that format is a lil different but geeenerally similar.
Farra,"wine bar restaurant with unique flavor combos ğŸ“Â Tribeca, NYC","If you like intimate spots & unique flavor combos, this 20-seat restaurant is perfect for you. Hey yâ€™all, itâ€™s Yena, and come with me to Farra in Tribeca, NYC. Farra is a more casual sister restaurant to two Michelin star Atera. While their umami Scallop Rice is popular, the Fois Gras Mousse was SO GOOD because the kumquat and balsamic balances out the richer mousse. Follow me for more places to inhale food & drinksies!","So many unique flavor combos here! hamachi crudo w almond butter, octopus with pickled peach ğŸ¤¤Â Portions are on the small side tho fyi!

Hereâ€™s what we got!
ğŸ˜Â Hamachi Crudo (with rhubarb & almond butter!)
ğŸ˜Â Fois Gras Mousse (with kumquat, balsamic, brioche) - this was.. SO GOOD. I love kumquats in general, and they added a nice floral, light finish to the heavier fois gras
ğŸ˜Â Scallop Rice (with egg yolk, trout roe) - oooooooh my god this was so umami ğŸ¤¤Â crunchy rice was cronching!!
ğŸ˜Â Octopus (with olives, peach, arugula) - pickled peach and octopus is the combo of the summer!!
ğŸ¥‚Â Royal Tokaji
.
.
.
#yenainhalesÂ #farra #newamericanfood #nycfoodie #nycrestaurant #foodlover #nycfood #foodstagram #eeeeeats #foodgasm #nycfoodblog #forkyeah #nycrestaurantreview #newforkcity #whatshouldwedo #foodblogging #firstwefeed #foodporn #foodreel","So many unique flavor combos here! hamachi crudo w almond butter, octopus with pickled peach ğŸ¤¤Â Portions are on the small side tho fyi!
.
.
.
#yenainhalesÂ #farra #newamericanfood #nycfoodie #nycrestaurant #foodlover",
Van Van Vietnamese sauces cooking workshop,"vietnamese sauces cooking workshop ğŸ“Â brooklyn, NY","If you like Vietnamese flavors, youâ€™ll love the cooking classes and popups hosted by VÃ¢n VÃ¢n in New York. Hey yâ€™all, itâ€™s Yena, and a couple of weeks ago, I went to a cooking workshop about Vietnamese sauces! Chefs Thao & Duy walked us through sauces like a ginger fish sauce & lemongrass chili sauce (sa táº¿) while weaving in their personal experiences working with farmers in Vietnam. They gave super helpful notes on ingredient substitutions & best practices, and at the end we all got to make rolls to enjoy with the sauces & some of the ingredients to take home as well. 100% rec any events they put on (stay in the loop by following their socials), and follow me to inhale food & drinksies!","Every time I go to an event by @vanvan.etcetera, I LOVE IT. Through VÃ¢n VÃ¢n, chefs @thaofromtheinternet and @duyschmoo bring incredible Vietnamese ingredients stateside, and they run the occasional popup and workshop to share their tangible love for the cuisine as well.
1ï¸âƒ£Â While we used VÃ¢n VÃ¢nâ€™s ingredients for the workshop, I appreciated how Chefs Thao & Duy were clear to point out how we could change out ingredients for more common sources (but the sauces were SO BANGER ngl I might be hooked on their products fr lol.)
2ï¸âƒ£Â The workshop was hosted in a beautiful space called @theknifefactory in collaboration with @thelibiproject, which does a lot of programming and work with culinary entrepreneurs and producers.
3ï¸âƒ£Â After attending one of VÃ¢n VÃ¢nâ€™s dinners last year, I followed them on socials to stay up to date on their upcoming events, and Iâ€™d rec doing that to stay in the loop! Their programming is pretty casual with friendly vibes.
4ï¸âƒ£Â Event was $65 with tax n everything included & very worth imo. 

.
.
.
#yenainhalesÂ #getvanvan #vietnamesefood #nycfoodie #vietnamesecuisine #cookingworkshop #nycfood #asianowned #asianownedbusiness #theknifefactory #thelibiproject #homecooking #vietnamesefoodie #eventsinnyc #whatshouldwedo #foodblogging #foodreel #vanvan","Every time I go to an event by VÃ¢n VÃ¢n, I LOVE IT. Through VÃ¢n VÃ¢n, chefs Thao and Duy bring incredible Vietnamese ingredients stateside, and they run the occasional popup and workshop to share their tangible love for the cuisine as well.

.
.
.
#yenainhalesÂ #getvanvan #vietnamesefood #nycfoodie #vietnamesecuisine #cookingworkshop",
Ugly Baby,INSANE SPICY THAI RESTAURANT IN BROOKLYN ğŸ¥µğŸŒ¶ï¸,"If you like to be absolutely destroyed by spice, this Thai restaurant is perfect for you. Hey yâ€™all, itâ€™s Yena, and come with me to Ugly Baby in Carroll Gardens, NYC. Okay to be fair they have dishes like this Pork Shoulder & Shrimp Paste Fried Rice that arenâ€™t THAT spicy, but the Grilled Crab Meat Curried Custard hurt so good.Â Highly recommend coming right when they open as they only take walk-in and itâ€™s a super popular spot. Follow me for more places to inhale food & drinksies!","If you like mouth & mind-numbing spice, Thai restaurant @uglybabynyc in Carroll Gardens (NY) is the restaurant of your dreams ğŸ’«Â (to clarify, I think I have a medium spice tolerance, but some of these dishes had me SWEATINâ€™ ğŸ¥µ)
1ï¸âƒ£Â Ugly Baby doesnâ€™t take reservations, but theyâ€™re super popular. I recommend going a couple of minutes before they open to avoid a crazy wait! They have a limited take out menu if you want to go that route!
2ï¸âƒ£Â Each tableâ€™s order needs to be put in all at once, so make sure youâ€™ve 100% decided on the dishes!
3ï¸âƒ£Â The menu rotates every season-ish; they focus on seasonal ingredients, so you get to try variety (FYI, be sure to ask if any dishes are out of stock; it heavily depends on how popular certain dishes have been throughout the week)
4ï¸âƒ£Â Most dishes $22-$38 & sized to share. They have an expansive wine & beer menu that pairs well with the dishes!

Hereâ€™s what we got!
ğŸ˜Â Khao Klook Kapi (pork shoulder & shrimp paste fried rice) ğŸŒ¶ï¸Â - super tasty & lots of diff flavors from the pork shoulder, sausages, and veggies!
ğŸ˜Â Hor Mok Pu (grilled banana leaf-wrapped crab meat curried custard) ğŸŒ¶ï¸ğŸŒ¶ï¸ğŸŒ¶ï¸Â - this tastes SO GOOD but it made me question what earthly plane I was on ngl
ğŸ˜Â Hung Le (Pork Hock Sparerib Tips & Northern Masala Curry) ğŸŒ¶ï¸ğŸŒ¶ï¸
ğŸ˜Â Panang Nuer (Beef Shank & Cumin Red Curry) - thank god one of the dishes wasnâ€™t spicy so I could actually eat without sweating. Generous amount of meat imo

#yenainhalesÂ #uglybaby #thaifood #nycfoodie #nycrestaurant #thaifoodlover #spicelover #nycfood #foodstagram #eeeeeats #foodgasm #nycfoodblog #forkyeah #nycrestaurantreview #newforkcity #whatshouldwedo #foodblogging #firstwefeed #foodporn #foodreel #uglybabyny","If you like mouth & mind-numbing spice, Thai restaurant Ugly Baby in Carroll Gardens (NY) is the restaurant of your dreams ğŸ’«Â (to clarify, I think I have a medium spice tolerance, but some of these dishes had me SWEATINâ€™ ğŸ¥µ)
1ï¸âƒ£Â Ugly Baby doesnâ€™t take reservations, but theyâ€™re super popular. I recommend going a couple of minutes before they open to avoid a crazy wait! They have a limited take out menu if you want to go that route!
2ï¸âƒ£Â Each tableâ€™s order needs to be put in all at once, so make sure youâ€™ve 100% decided on the dishes!
3ï¸âƒ£Â The menu rotates every season-ish; they focus on seasonal ingredients, so you get to try variety (FYI, be sure to ask if any dishes are out of stock; it heavily depends on how popular certain dishes have been throughout the week)
4ï¸âƒ£Â Most dishes $22-$38 & sized to share. They have an expansive wine & beer menu that pairs well with the dishes!
-
Hereâ€™s what we got!
ğŸ˜Â Khao Klook Kapi (pork shoulder & shrimp paste fried rice) ğŸŒ¶ï¸Â - super tasty & lots of diff flavors from the pork shoulder, sausages, and veggies!
ğŸ˜Â Hor Mok Pu (grilled banana leaf-wrapped crab meat curried custard) ğŸŒ¶ï¸ğŸŒ¶ï¸ğŸŒ¶ï¸Â - this tastes SO GOOD but it made me question what earthly plane I was on ngl
ğŸ˜Â Hung Le (Pork Hock Sparerib Tips & Northern Masala Curry) ğŸŒ¶ï¸ğŸŒ¶ï¸
ğŸ˜Â Panang Nuer (Beef Shank & Cumin Red Curry) - thank god one of the dishes wasnâ€™t spicy so I could actually eat without sweating. Generous amount of meat imo
-
#yenainhalesÂ #uglybaby #thaifood #nycfoodie #nycrestaurant #thaifoodlover",
Omakase 33,"under $100 banger omakase ğŸ“Â Murray Hill, NYC","If youâ€™re looking for quality omakase in NYC that wonâ€™t break the bank, this spot is perfect for you. Hey yâ€™all, itâ€™s Yena, and come with me to newly-opened Omakase 33 in Murray Hill, NYC. The $88 dinner omakase includes 1 appetizer, 13 nigiri pieces, a temaki, miso soup, and a BANGER matcha mochi dessert. Omakase 33 is restaurant group Shihouâ€™s most affordable spot, but the quality makes it a steal of a hidden gem! My fave was the eel (plz donâ€™t come at me LOL) for its giant n juicy serving, and the fluke was so perfectly balanced it blew my mind. The chefs and staff were also super accommodating & helpful with dietary restrictions! Follow me for more places to inhale food & drinksies!","If you want a great value < $100 omakase spot in NYC thatâ€™s also easy to make a reservations, definitely check out @33omakase in Murray Hill, NYC! The restaurant is only about a month old!
1ï¸âƒ£Â vibes are still nice omakase but more casual with the ambient lighting.
2ï¸âƒ£Â This is restaurant group Shihouâ€™s fourth omakase spot in NYC, and Chef & owner Leo Lin has a vast network in Japan from which he sources the fish.
3ï¸âƒ£Â They also have a 12-course lunch for $48pp! (17 course dinner is $88pp)

Hereâ€™s what we got for dinner:
- Rice bowl appetizer with A5 Wagyu, ikura, & uni
- nigiri: sea bream, marinated lean tuna, striped jack, king salmon, fluke, eel, scallop, seared fatty tuna, great amberjack, sea urchin, fatty tuna, salmon roe, wagyu
- temaki
- miso soup
- wagyu

.
.
.

#yenainhalesÂ #omakasenyc #omakase33 #nycfoodie #nycrestaurant #japanesefoodlover #nycfood #foodstagram #eeeeeats #foodgasm #nycfoodblog #forkyeah #nycrestaurantreview #newforkcity #whatshouldwedo #foodblogging #firstwefeed #foodporn #foodreel #omakase33nyc","If you want a great value < $100 omakase spot in NYC thatâ€™s also easy to make a reservations, definitely check out Omakase 33 in Murray Hill, NYC! The restaurant is only about a month old!
1ï¸âƒ£Â vibes are still nice omakase but more casual with the ambient lighting.
2ï¸âƒ£Â This is restaurant group Shihouâ€™s fourth omakase spot in NYC, and Chef & owner Leo Lin has a vast network in Japan from which he sources the fish.
3ï¸âƒ£Â They also have a 12-course lunch for $48pp! (17 course dinner is $88pp)

Hereâ€™s what we got for dinner:
- Rice bowl appetizer with A5 Wagyu, ikura, & uni
- nigiri: sea bream, marinated lean tuna, striped jack, king salmon, fluke, eel, scallop, seared fatty tuna, great amberjack, sea urchin, fatty tuna, salmon roe, wagyu
- temaki
- miso soup
- wagyu

.
.
.

#yenainhalesÂ #omakasenyc #omakase33 #nycfoodie #nycrestaurant",
Kin Gin,one of the BEST new NYC restaurants!! modern Japanese in ğŸ“Â LES,"If you like flavorful, Japanese-inspired eats, this new izakaya inside a hotel is perfect for you. Hey yâ€™all, itâ€™s Yena, and come with me to Kin Gin in the Lower East Side, NYC. Definitely get one of their innovative cocktails, and we loved the Amberjack sashimiâ€™s spicy blood orange dashi. We literally picked the Saba Yaki dry-aged whole mackerel down to the bones because it was so good. Itâ€™s rare for me to actually enjoy every dish I have at a restaurant, but two-month-old Kin Gin is an upscale hidden gem thatâ€™ll impress friends and dates. We were able to walk-in even though Resyâ€™s looked full, too! Follow me for more places to inhale food & drinksies!","You should definitely go to Japanese-inspired izakaya @kingin_nyc in LES. I went last week & cannot stop recommending it to my friends bc it was just THAT GOOD. I wouldnâ€™t be surprised if they win an industry award in the next couple of years fr

1ï¸âƒ£Â kin gin means gold & silver in Japanese, and you can see this inspo shining through in the beautiful decor
2ï¸âƒ£Â I think thereâ€™s generally good service at most restaurants Iâ€™ve been to, but Kin Ginâ€™s staff was so inviting & helpful during our dinner! Special shoutout to Masad!
3ï¸âƒ£Â tbh I didnâ€™t see this until I read some reviews, but just to note, thereâ€™s no noodle or rice dishes ğŸ˜®Â the menu is seafood-forward with veggies n meats
4ï¸âƒ£Â small plates & salads ~$20, raw bar ~$30, and mains ~$35

Hereâ€™s what we got!
ğŸ˜Â Amberjack Sashimi - dashi was highkey slow burn spicy (almost like ginger?) but SO GOOD
ğŸ˜Â Nasu Miso (grilled eggplant)
ğŸ˜Â Mekyabetsu (brussels sprouts with butterscotch miso)
ğŸ˜Â Saba Yaki (dry-aged whole mackerel) - we literally ate this down to the bone lol so good
ğŸ‘Â Yaki Uzura (grilled whole quail) - flavors were good but def on the smaller side
ğŸ§Â Kakigori (shaved ice)
ğŸ¨Â House-made sorbet - basil-shiso - this tasted v interesting but a lil grassy
ğŸ¸Â Ichi-go ichi-e (white strawberry gin)
ğŸ¥ƒÂ Precious Scars (whisky + spiced pear liqueur)
.
.
.
#yenainhalesÂ #kingin #japanesefood #nycfoodie #nycrestaurant #izakayanyc #modernjapanesefood #nycfood #foodstagram #eeeeeats #foodgasm #nycfoodblog #forkyeah #nycrestaurantreview #newforkcity #whatshouldwedo #foodblogging #firstwefeed #foodporn #foodreel #kinginnyc

4ï¸âƒ£Â Itâ€™ll be tempting to skip dessert but DONâ€™T. The kakigori shaved ice with brown sugar syrup is a standout ğŸ¤©","You should definitely go to Japanese-inspired izakaya Kin Gin in LES. I went last week & cannot stop recommending it to my friends bc it was just THAT GOOD. I wouldnâ€™t be surprised if they win an industry award in the next couple of years fr

1ï¸âƒ£Â kin gin means gold & silver in Japanese, and you can see this inspo shining through in the beautiful decor
2ï¸âƒ£Â I think thereâ€™s generally good service at most restaurants Iâ€™ve been to, but Kin Ginâ€™s staff was so inviting & helpful during our dinner! Special shoutout to Masad!
3ï¸âƒ£Â tbh I didnâ€™t see this until I read some reviews, but just to note, thereâ€™s no noodle or rice dishes ğŸ˜®Â the menu is seafood-forward with veggies n meats
4ï¸âƒ£Â small plates & salads ~$20, raw bar ~$30, and mains ~$35

Hereâ€™s what we got!
ğŸ˜Â Amberjack Sashimi - dashi was highkey slow burn spicy (almost like ginger?) but SO GOOD
ğŸ˜Â Nasu Miso (grilled eggplant)
ğŸ˜Â Mekyabetsu (brussels sprouts with butterscotch miso)
ğŸ˜Â Saba Yaki (dry-aged whole mackerel) - we literally ate this down to the bone lol so good
ğŸ‘Â Yaki Uzura - flavors were good but def on the smaller side
ğŸ§Â Kakigori (shaved ice)
ğŸ¨Â House-made sorbet - basil-shiso - this tasted v interesting but a lil grassy
ğŸ¸Â Ichi-go ichi-e (white strawberry gin)
ğŸ¥ƒÂ Precious Scars (whisky + spiced pear liqueur)
.
.
.
#yenainhalesÂ #kingin #japanesefood #nycfoodie #nycrestaurant #izakayanyc",
Pranakhon Thai,"omg crazy flavorful Michelin Bib Gourmand Thai ğŸ“ Union Square, NYC","Come with me to this Michelin Bib Gourmand (aka great bang for your buck) Thai restaurant just south of Union Square. Hey yâ€™all, itâ€™s Yena, and Pranakhonâ€™s dishes are SO flavorful! The Spare Ribs Pad Ped had a nice lemongrass zing, and the Mee Hok Gien was an umami blast. Pranakhon is perfect for a tasty catchup with a bestie. Follow me to inhale food & drinksies!","Still dreaming about the Spare Ribs Pad Ped from Thai restaurant @pranakhon_nyc south of Union Sq ğŸ¤¤

1ï¸âƒ£Â Dishes at Pranakhon are inspired by different street foods in Thailand!
2ï¸âƒ£Â For a restaurant this good, reservations on @resy are surprisingly easy; tbh you could probs walk-in too!
3ï¸âƒ£Â Michelin Bib Gourmand is a designation that means that food is good quality & value, which is definitely true for Pranakhon!
4ï¸âƒ£Â Apps & salads ~$17, noodles + rice + soups ~$22, & mains ~$24-38!

Hereâ€™s what we got!
ğŸ˜Â Spare Ribs Pad Ped â£ï¸Â SO flavorful! nice lemongrass touch too. I really loved this dish
ğŸ˜Â Pla Tod Nampla (Deep-fried branzino) â£ï¸Â branzino had a great contrast between soft inside & crispy outside; not too much flavor itself but goes super well with the more flavorful mango salad
ğŸ˜Â Mee Hok Gien â£ï¸Â umami bomb to the max ğŸ¤¤

#yenainhalesÂ #pranakhonthai #thaifood #nycfoodie #nycrestaurant #thaifoodlover #nycfood #foodstagram #eeeeeats #foodgasm #nycfoodblog #forkyeah #nycrestaurantreview #newforkcity #whatshouldwedo #foodblogging #firstwefeed #foodporn #foodreel #pranakhonthainyc","Still dreaming about the Spare Ribs Pad Ped from Thai restaurant Pranakhon south of Union Sq ğŸ¤¤

1ï¸âƒ£Â Dishes at Pranakhon are inspired by different street foods in Thailand!
2ï¸âƒ£Â For a restaurant this good, reservations on Resy are surprisingly easy; tbh you could probs walk-in too!
3ï¸âƒ£Â Michelin Bib Gourmand is a designation that means that food is good quality & value, which is definitely true for Pranakhon!
4ï¸âƒ£Â Apps & salads ~$17, noodles + rice + soups ~$22, & mains ~$24-38!
-
Hereâ€™s what we got!
ğŸ˜Â Spare Ribs Pad Ped â£ï¸Â SO flavorful! nice lemongrass touch too. I really loved this dish
ğŸ˜Â Pla Tod Nampla (Deep-fried branzino) â£ï¸Â branzino had a great contrast between soft inside & crispy outside; not too much flavor itself but goes super well with the more flavorful mango salad
ğŸ˜Â Mee Hok Gien â£ï¸Â umami bomb to the max ğŸ¤¤
-
#yenainhalesÂ #pranakhonthai #thaifood #nycfoodie #nycrestaurant",
Miss Ada,COZY INTIMATE MIDTERRANEAN RESTAURANT IN BROOKLYN ğŸŒ¿ğŸ•¯ï¸,"Come with me to this Mediterranean restaurant in Brooklyn thatâ€™s a hummus-loverâ€™s dream. Hey yâ€™all, itâ€™s Yena, and I recommend this cozy restaurant for an intimate dinner date. Miss Adaâ€™s Short Rib Hummus is well-balanced and delish, and DEFINITELY get the light & airy Whipped Ricotta with Honey appetizer as well. Follow me for more places to inhale food & drinksies!","ğŸ˜©â¤ï¸Â Mediterranean restaurant @missadanyc in Fort Greene, BK is SO CUTE n COZY. For the summer, itâ€™s the perfect after-work drinksies catch-up spot with a bestie.
1ï¸âƒ£Â Feel free to ask for as many pita refills as you want! (dream words to a breb lover like me ğŸ˜)
2ï¸âƒ£Â With summer coming up, theyâ€™re opening up the backyard garden (perfect for brunch & cocktail dinners ğŸ¥‚)
3ï¸âƒ£Â The bathroom is near the middle of the restaurant, down a set of stairs to the back! Thereâ€™s only one stall, so it might be a wee bit of a wait.
4ï¸âƒ£Â Small plates & skewers are ~$10, Hummus Masabaha & apps ~$15, and entrÃ©es ~$30 ish ish

Hereâ€™s what we got!
ğŸ˜Â Whipped Ricotta â£ï¸Â SO good!! airy & lightly sweet thanks to the honey
ğŸ˜Â Merguez (Ground Lamb Hummus Masabaha)
ğŸ˜Â Short Rib (Hummus Masabaha) â£ï¸Â comes as a medium-sized plate with hummus + the topping - this and the merguez are similar in taste, so Iâ€™d order the short rib over the merguez! Both + the ricotta come with pita (with refills ğŸ«¶)
ğŸ˜Â Kofta Kebab
ğŸ‘Â Chicory Salad

#yenainhalesÂ #missadanyc #mediterraneanfood #nycfoodie #nycrestaurant #brooklyneats #nycfood #foodstagram #eeeeeats #foodgasm #nycfoodblog #forkyeah #nycrestaurantreview #newforkcity #whatshouldwedo #foodblogging #firstwefeed #foodporn #foodreel #missada","ğŸ˜©â¤ï¸Â Mediterranean restaurant Miss Ada in Fort Greene, BK is SO CUTE n COZY. For the summer, itâ€™s the perfect after-work drinksies catch-up spot with a bestie.
1ï¸âƒ£Â Feel free to ask for as many pita refills as you want! (dream words to a breb lover like me ğŸ˜)
2ï¸âƒ£Â With summer coming up, theyâ€™re opening up the backyard garden (perfect for brunch & cocktail dinners ğŸ¥‚)
3ï¸âƒ£Â The bathroom is near the middle of the restaurant, down a set of stairs to the back! Thereâ€™s only one stall, so it might be a wee bit of a wait.
4ï¸âƒ£Â Small plates & skewers are ~$10, Hummus Masabaha & apps ~$15, and entrÃ©es ~$30 ish ish
-
Hereâ€™s what we got!
ğŸ˜Â Whipped Ricotta â£ï¸Â SO good!! airy & lightly sweet thanks to the honey
ğŸ˜Â Merguez (Ground Lamb Hummus Masabaha)
ğŸ˜Â Short Rib (Hummus Masabaha) â£ï¸Â comes as a medium-sized plate with hummus + the topping - this and the merguez are similar in taste, so Iâ€™d order the short rib over the merguez! Both + the ricotta come with pita (with refills ğŸ«¶)
ğŸ‘Â Chicory Salad
-
#yenainhalesÂ #missadanyc #mediterraneanfood #nycfoodie #nycrestaurant #brooklyneats",
Betong,"juiiicy affordable chicken set meal ğŸ“Â Chinatown, NYC","Come with me to this affordable food hall restaurant with juicy chicken in Chinatown. Hey yâ€™all, itâ€™s Yena, and Betong is located in Canal Street Market. The grilled marinated chicken (gai yang) is super juicy, and the somtum papaya salad is bright & perfect for summer. Follow me to inhale food & drinksies!","tbh I used to only go to one stall whenever I visited Canal Street Market, but @betong.nyc is so banger & Iâ€™ll def be making my way back!
1ï¸âƒ£Â Their meal sets are worth it imo! Definitely a solid meal.
2ï¸âƒ£Â Try to visit on the weekend, so you can check out the artist booths at Canal Street Market right nearby ğŸ˜Š
3ï¸âƒ£Â Sets (main, app, drink) range from $16-$22, and main dish only is around $16.

ğŸ«¶Â thanks for having us!

Hereâ€™s what we got!
ğŸ˜Â (Set #2) Steamed Chicken Rice + Chicken Bun + Drink â£ï¸Â rice was super flavorful + umami, & the chicken was steamed perfectly
ğŸ˜Â (Set #3) Somtum + Gai Yang + Sticky Rice + Drink â£ï¸Â BANGER somtum (green papaya salad) & gai yang (grilled marinated chicken) was flavorful too!!

#yenainhalesÂ #betongnyc #thaifood #nycfoodie #canalstreetmarket #nycrestaurant #thaifoodlover #nycfood #foodstagram #eeeeeats #foodgasm #nycfoodblog #forkyeah #nycrestaurantreview #newforkcity #whatshouldwedo #foodblogging #firstwefeed #foodporn #foodreel #foodhallnyc","tbh I used to only go to one stall whenever I visited Canal Street Market, but Betong is so banger & Iâ€™ll def be making my way back!
1ï¸âƒ£Â Their meal sets are worth it imo! Definitely a solid meal.
2ï¸âƒ£Â Try to visit on the weekend, so you can check out the artist booths at Canal Street Market right nearby ğŸ˜Š
3ï¸âƒ£Â Sets (main, app, drink) range from $16-$22, and main dish only is around $16.
-
Hereâ€™s what we got!
ğŸ˜Â (Set #2) Steamed Chicken Rice + Chicken Bun + Drink â£ï¸Â rice was super flavorful + umami, & the chicken was steamed perfectly
ğŸ˜Â (Set #3) Somtum + Gai Yang + Sticky Rice + Drink â£ï¸Â BANGER somtum (green papaya salad) & gai yang (grilled marinated chicken) was flavorful too!!
-
#yenainhalesÂ #betongnyc #thaifood #nycfoodie #canalstreetmarket ",outreached
Tha Phraya,"gorgeous new Thai restaurant ğŸ“Â UES, NYC","If you like zinging flavors, this new Thai restaurant is perfect for you. Hey yâ€™all, itâ€™s Yena, and come with me to Tha Phraya in the Upper East Side. The Yum Som-O pomelo salad was juicy and perfect for summer, and the Crab Fried Rice was an umami blast. Perfect for a nice weekday dinner or a date! Follow me for more food and drinksies!","another month, another banger new Thai restaurant @thaphraya.nyc but this time in the Upper East Side! Like fr though thereâ€™s so many good new Thai spots ğŸ«¶
1ï¸âƒ£Â Their eats are inspired by all regions of Thailand, so come here if you want options!
2ï¸âƒ£Â Hot tip, thereâ€™s actually two bathrooms; one on the restaurant level in the middle of the restaurant, and one down the stairs and to the right :)
3ï¸âƒ£Â Small bits & noodles are ~$15-20, entrÃ©es are ~$30-40, and they also have a $17-18 lunch special!

Hereâ€™s what we got!
ğŸ˜Â Yum Som-O (pomelo salad) â£ï¸Â my fave (app) of the night!! Super bright & flavorful + a great kinda umami from the dried fish
ğŸ˜Â Crab Fried Rice Lava â£ï¸Â very umami ğŸ¤¤
ğŸ‘Â Pae Sa Pla Tod (whole fried branzino) - fish was kinda dry even with the sauce; would skip this dish!
ğŸ¹Â Guava Margarita

#yenainhalesÂ #thapraya #thaifood #nycfoodie #nycrestaurant #thaifoodlover #ueseats #nycfood #foodstagram #eeeeeats #foodgasm #nycfoodblog #forkyeah #nycrestaurantreview #newforkcity #whatshouldwedo #foodblogging #firstwefeed #foodporn #foodreel #thaprayanyc","another month, another banger new Thai restaurant, Tha Praya, but this time in the Upper East Side! Like fr though thereâ€™s so many good new Thai spots ğŸ«¶
1ï¸âƒ£Â Their eats are inspired by all regions of Thailand, so come here if you want options!
2ï¸âƒ£Â Hot tip, thereâ€™s actually two bathrooms; one on the restaurant level in the middle of the restaurant, and one down the stairs and to the right :)
3ï¸âƒ£Â Small bits & noodles are ~$15-20, entrÃ©es are ~$30-40, and they also have a $17-18 lunch special!
-
Hereâ€™s what we got!
ğŸ˜Â Yum Som-O (pomelo salad) â£ï¸Â my fave (app) of the night!! Super bright & flavorful + a great kinda umami from the dried fish
ğŸ˜Â Crab Fried Rice Lava â£ï¸Â very umami ğŸ¤¤
ğŸ‘Â Pae Sa Pla Tod (whole fried branzino) - fish was kinda dry even with the sauce; would skip this dish!
ğŸ¹Â Guava Margarita
-
#yenainhalesÂ #thapraya #thaifood #nycfoodie #nycrestaurant",
Monsieur Vo,"banger bone marrow omg ğŸ“Â East Village, NYC","Come with me to this Vietnamese restaurant with rich, finger-lickinâ€™ flavors. Hey yâ€™all, itâ€™s Yena, and I recommend Monsieur Vo in East Village, NYC for a casual hang with friends (itâ€™s a wee bit loud for an intimate date). Both dishes we got were banger; get the Roasted Bone Marrow for a generous serving of creamy marrow and the Monsieur Platter for the variety!! Follow me for more places to inhale food & drinksies!","definitely gotta make my way back to Vietnamese restaurant @monsieurvonyc in East Village! Loved the variety of the dishes ğŸ˜
1ï¸âƒ£Â Chef Jimmy Ly and his wife Yen Vo established Monsieur Vo to focus more on Vietnamese street food/larger meat and fish dishes, while their first restaurant @madamevonyc focuses more on homestyle cooking.
2ï¸âƒ£Â Appetizers, rice, & noodles are ~$20, and mains are ~$35!

Hereâ€™s what we got!
ğŸ˜Â Roasted Bone Marrow â£ï¸Â Unbelievably creamy & rich, and a lot of bone marrow for the price imo!
ğŸ˜Â Monsieur Platter â£ï¸Â I LOVE variety in a meal, and with this platter you get to sample a little bit of everything ğŸ«¶Â Especially loved the soft short ribs ğŸ¤¤

#yenainhalesÂ #monsieurvo #vietnamesefood #nycfoodie #nycrestaurant #vietnamesefoodlover #nycfood #foodstagram #eeeeeats #foodgasm #nycfoodblog #bonemarrow #forkyeah #nycrestaurantreview #newforkcity #whatshouldwedo #foodblogging #firstwefeed #foodporn #foodreel #monsieurvonyc","definitely gonna make my way back to Vietnamese restaurant Monsieur Vo in East Village! Loved the variety of the dishes ğŸ˜
1ï¸âƒ£Â Chef Jimmy Ly and his wife Yen Vo established Monsieur Vo to focus more on Vietnamese street food/larger meat and fish dishes, while their first restaurant Madame Vo focuses more on homestyle cooking.
2ï¸âƒ£Â Appetizers, rice, & noodles are ~$20, and mains are ~$35!
-
Hereâ€™s what we got!
ğŸ˜Â Roasted Bone Marrow â£ï¸Â Unbelievably creamy & rich, and a lot of bone marrow for the price imo!
ğŸ˜Â Monsieur Platter â£ï¸Â I LOVE variety in a meal, and with this platter you get to sample a little bit of everything ğŸ«¶Â Especially loved the soft short ribs ğŸ¤¤
-
#yenainhalesÂ #monsieurvo #vietnamesefood #nycfoodie #nycrestaurant #vietnamesefoodlover",
Leitao,"RICH, FLAVORFUL PORTUGUESE DISHES IN WEST VILLAGE ğŸ’›ğŸ–","If you like filling, rich flavors, this Portuguese restaurant is perfect for you. Hey yâ€™all, itâ€™s Yena, and come with me to Leitao in West Village. The Lamb with Potatoes is actually mind-blowing if you like lamb, and their pagsteis de nata Pasteis de Nata are fluffy, custardy heaven. Leitao is perfect for an after-work wind-down with a bestie. Follow me for more places to inhale food & drinksies!","Portuguese restaurant @leitaonyc in West Village has SO MANY banger dishes - I canâ€™t wait to go back and try them all!
1ï¸âƒ£Â While they have a (banger) normal menu like other restaurants, you can also enjoy the food at Leitao through a Leitao Dinner (pre-reserved whole suckling pig ! dinner) or at a Fado Night (course meal with drinks & live Fado music)
2ï¸âƒ£Â I cannotâ€¦ rec the Pasteis de Nata enough!! My friend got some to-go too; they were that good ğŸ˜©ğŸ¤Œ
3ï¸âƒ£Â Apps range from $14-28, and traditional dishes (entrÃ©es are ~$40).

Hereâ€™s what we got!
ğŸ˜Â Burrata â£ï¸Â the marinated peaches here were HEAVEN
ğŸ˜Â Truffle Parmesan Fries - FYI itâ€™s $14 but itâ€™s a dumb amount of fries and worth it imo
ğŸ˜Â Cordeiro no Forno (lamb with potatoes)â£ï¸Â lamb was SO SOFT!
ğŸ˜Â Pasteis de Nata â£ï¸Â got these on the house (ty!) and they were SO SOFT AND EGGY. Honestly some of the best custard tartâ€™s Iâ€™ve ever had in the city and I loooove tarts

#yenainhalesÂ #leitao #portuguesefood #nycfoodie #nycrestaurant #portuguesefoodlover #pasteisdenata #nycfood #foodstagram #eeeeeats #foodgasm #nycfoodblog #forkyeah #nycrestaurantreview #newforkcity #whatshouldwedo #foodblogging #firstwefeed #foodporn #foodreel #leitaonyc","#yenainhalesÂ #leitao #portuguesefood #nycfoodie #nycrestaurant #portuguesefoodlover #pasteisdenata
-
Portuguese restaurant Leitao in West Village has SO MANY banger dishes - I canâ€™t wait to go back and try them all!
1ï¸âƒ£Â While they have a (banger) normal menu like other restaurants, you can also enjoy the food at Leitao through a Leitao Dinner (pre-reserved whole suckling pig ! dinner) or at a Fado Night (course meal with drinks & live Fado music)
2ï¸âƒ£Â I cannotâ€¦ rec the Pasteis de Nata enough!! My friend got some to-go too; they were that good ğŸ˜©ğŸ¤Œ
3ï¸âƒ£Â Apps range from $14-28, and traditional dishes (entrÃ©es are ~$40).
-
Hereâ€™s what we got!
ğŸ˜Â Burrata â£ï¸Â the marinated peaches here were HEAVEN
ğŸ˜Â Truffle Parmesan Fries - FYI itâ€™s $14 but itâ€™s a dumb amount of fries and worth it imo
ğŸ˜Â Cordeiro no Forno (lamb with potatoes)â£ï¸Â lamb was SO SOFT!
ğŸ˜Â Pasteis de Nata â£ï¸Â got these on the house (ty!) and they were SO SOFT AND EGGY. Honestly some of the best custard tartâ€™s Iâ€™ve ever had in the city and I loooove tarts",
Myungsan,RAW MARINATED CRAB & COZY CLASSIC KOREAN EATS IN QUEENS ğŸ¦€â£ï¸,[no audio],"Every time I go, @myungsan_restaurant in Queens has banger Korean raw marinated crab (ganjang gejang), but the other Korean dishes yeet me back to my childhood too!!
1ï¸âƒ£Â Every Korean I bring here is shocked at how authentic the flavors are. Ktown, I ğŸ«¶Â you, but Myung San reminds me of home (what Korean restaurant in the city has soojabi, hand-pulled dough soup?)
2ï¸âƒ£Â If youâ€™re coming from the city, MyungSan is just past Flushing, is right next to the Broadway LIRR stop.
3ï¸âƒ£Â Marinated raw crab is ~$26 (would rec 1 order for every two people + a dish or two on the side), and other dishes range from ~$19 for soups and $25-$50 for mains.

Hereâ€™s what we got!
ğŸ˜Â Haemul pajeon (í•´ë¬¼íŒŒì „, seafood pancake)
ğŸ˜Â Ganjang gejang x3 (ê°„ì¥ê²Œì¥, soy sauce raw marinated crab) â£ï¸Â this dish will always have me coming back to Myungsan!!
ğŸ˜Â Haemul soojabi (í•´ë¬¼ìˆ˜ì œë¹„, hand-pulled dough seafood soup)

#yenainhalesÂ #myungsan #koreanfood #nycfoodie #nycrestaurant #koreanfoodlover #nycfood #foodstagram #eeeeeats #foodgasm #nycfoodblog #forkyeah #nyrestaurantreview #newforkcity #whatshouldwedo #foodblogging #firstwefeed #foodporn #foodreel #myungsanny","#yenainhalesÂ #myungsan #koreanfood #nycfoodie #nycrestaurant #koreanfoodlover

-

Every time I go, Myung San in Queens, has banger Korean raw marinated crab (ganjang gejang), but the other Korean dishes yeet me back to my childhood too!!
1ï¸âƒ£Â Every Korean I bring here is shocked at how authentic the flavors are. Ktown, I ğŸ«¶Â you, but Myung San reminds me of home (what Korean restaurant in the city has soojabi, hand-pulled dough soup?)
2ï¸âƒ£Â If youâ€™re coming from the city, MyungSan is just past Flushing, is right next to the Broadway LIRR stop.
3ï¸âƒ£Â Marinated raw crab is ~$26 (would rec 1 order for every two people + a dish or two on the side), and other dishes range from ~$19 for soups and $25-$50 for mains.

-

Hereâ€™s what we got!
ğŸ˜Â Haemul pajeon (í•´ë¬¼íŒŒì „, seafood pancake)
ğŸ˜Â Ganjang gejang x3 (ê°„ì¥ê²Œì¥, soy sauce raw marinated crab) â£ï¸Â this dish will always have me coming back to Myungsan!!
ğŸ˜Â Haemul soojabi (í•´ë¬¼ìˆ˜ì œë¹„, hand-pulled dough seafood soup)","I went to this restaurant before so I didn't feel like it needed a whole voiceover bc that's a lot of work.

I do a similar thing w super popular restaurants like Cote - it's been covered a bajillion times so I don't feel like I have a lot to add necessarily"
Kimura,COZY JAPANESE HOT POT IN EAST VILLAGE ğŸ²ğŸ«¶,"If you like heartwarming Japanese food, this Japanese restaurant is perfect for you. Hey yâ€™all, itâ€™s Yena, and come with me to Kimura in East Village, NYC. Kimura is well-known for their motsunabe (Japanese hotpot), and you can mix and match. We got Collagen Nabe and Sukiyaki for three people. For the Sukiyaki, donâ€™t forget to dip the meats in egg! Kimura is pretty busy, but itâ€™s well-worth the wait for a cozy meal. Follow me for more places to inhale food & drinksies!","When I want to feel cozy and at peace, Japanese restaurant @kimura_nyc is a go-to ğŸ«¶
1ï¸âƒ£Â I love how Kimura has a variety of food options - while there are skewers and grilled meats, you order the motsunabe (hot pot) dishes as servings per person, giving you more flexibility in dining choices.
2ï¸âƒ£Â FYI their bathroom is in the back of the restaurant, down a set of stairs. It can take a hot sec to find, but the staff is super helpful!
3ï¸âƒ£Â Hot pot servings are around $30 per person, and apps are around $15.

Hereâ€™s what we got!
ğŸ˜Â Kushi Age Mini Combo Skewers (3 skewer choice - Scallop, Sweet Potato, Beef)
ğŸ˜Â Collagen Nabe (1 serving, Classic Flavor) â£ï¸Pork pieces were nice n soft - very cozy
ğŸ˜Â Sukiyaki (2 servings) â£ï¸Â a little on the sweeter side! You dip the meat in the egg!

#yenainhalesÂ #kimura #japanesefood #nycfoodie #nycrestaurant #japanesehotpot #eastvillageats #japanesefoodlover #nycfood #foodstagram #eeeeeats #foodgasm #nycfoodblog #forkyeah #nycrestaurantreview #newforkcity #whatshouldwedo #motsunabe#foodblogging #firstwefeed #foodporn #foodreel #kimuranyc","When I want to feel cozy and at peace, Japanese restaurant Kimura is a go-to ğŸ«¶
1ï¸âƒ£Â I love how Kimura has a variety of food options - while there are skewers and grilled meats, you order the motsunabe (hot pot) dishes as servings per person, giving you more flexibility in dining choices.
2ï¸âƒ£Â FYI their bathroom is in the back of the restaurant, down a set of stairs. It can take a hot sec to find, but the staff is super helpful!
3ï¸âƒ£Â Hot pot servings are around $30 per person, and apps are around $15.
-
Hereâ€™s what we got!
ğŸ˜Â Kushi Age Mini Combo Skewers (3 skewer choice - Scallop, Sweet Potato, Beef)
ğŸ˜Â Collagen Nabe (1 serving, Classic Flavor) â£ï¸Pork pieces were nice n soft - very cozy
ğŸ˜Â Sukiyaki (2 servings) â£ï¸Â a little on the sweeter side! You dip the meat in the egg!
-
#yenainhalesÂ #kimura #japanesefood #nycfoodie #nycrestaurant #japanesehotpot",
Kazumi Popup,JAPANESE POPUP RESTAURANT IN CHELSEAğŸœğŸŸ,"If you like classic Japanese eats, this popup restaurant is perfect for you. Hey yâ€™all, its Yena, and come with me to Kazumi Popup in Chelsea, NYC. The hand rolls are banger, and the Tonkotsu ramen was heartwarming. Itâ€™s a cozy spot, but it wasnâ€™t too hard to get a seat. Follow me for more places to inhale food & drinksies!","Japanese popup restaurant @kazuminyc is a perfect spot for classic Japanese eats in Chelsea! (They also have a lot of vegan options!)
1ï¸âƒ£Â This is pop-up, so make sure to stop by before they move to a new location around June.
2ï¸âƒ£Â Key info for my hydrated girlies lol - no bathroom at the restaurant, but staff will direct you to the restaurant nearby (Glur) to use their bathroom.
3ï¸âƒ£Â Apps are ~$12, hand rolls are ~$8, and mains are $18-22 which feels like a steal for this area imo
Thanks for having us! ğŸ«¶

Hereâ€™s what we got!
ğŸ˜Â Blistered Shishito Pepper â£ï¸Â very good, kinda salty, but there were some surprise SPOICY ones so be warned
ğŸ˜Â Soboro Bowl (rice with minced chicken bowl)
ğŸ˜Â Salmon-Yuzu Hand Roll
ğŸ˜Â Tuna-Creamy Hand Roll
ğŸ˜Â Tonkotsu Ramen

#yenainhalesÂ #kazumipopup #japanesefood #nycfoodie #nycrestaurant #japanesefoodlover #nycfood #foodstagram #eeeeeats #foodgasm #nycfoodblog #forkyeah #nycrestaurantreview #newforkcity #whatshouldwedo #foodblogging #firstwefeed #foodporn #foodreel #kazumipopupnyc","#yenainhalesÂ #kazumipopup #japanesefood #nycfoodie #nycrestaurant #japanesefoodlover

-

Japanese restaurant Kazumi Popup is a perfect spot for classic Japanese eats in Chelsea! (They also have a lot of vegan options!)
1ï¸âƒ£Â This is pop-up, so make sure to stop by before they move to a new location around June.
2ï¸âƒ£Â Key info for my hydrated girlies lol - no bathroom at the restaurant, but staff will direct you to the restaurant nearby (Glur) to use their bathroom.
3ï¸âƒ£Â Apps are ~$12, hand rolls are ~$8, and mains are $18-22 which feels like a steal for this area imo
Thanks for having us! ğŸ«¶

-

Hereâ€™s what we got!
ğŸ˜Â Blistered Shishito Pepper â£ï¸Â very good, kinda salty, but there were some surprise SPOICY ones so be warned
ğŸ˜Â Soboro Bowl (rice with minced chicken bowl)
ğŸ˜Â Salmon-Yuzu Hand Roll
ğŸ˜Â Tuna-Creamy Hand Roll
ğŸ˜Â Tonkotsu Ramen",outreached - popup in the name but treated more like a regular restaurant